SEX,total_weighted,diabetes_weighted,prevalence
1.0,6.146205449561307E10,6.504432022335671E9,0.1058
2.0,7.603347117086096E10,6.544424455300718E9,0.0861
