_IMPRACE,total_weighted,diabetes_weighted,prevalence
1.0,1.3143464628132706E11,1.2448087908673233E10,0.0947
2.0,3.686433238830186E9,4.3518540093439454E8,0.1181
4.0,3.639259456447715E7,6085563.36426965,0.1672
5.0,1.9964132375995958E9,1.3931652922900176E8,0.0698
6.0,3.416403154684951E8,2.0181075433502108E7,0.0591
